location_name,cause_of_mortality,year,rate
Argentine Republic,Alcohol use disorders,2015,0.3903666308
Argentine Republic,Alcohol use disorders,2016,0.3508807684
Argentine Republic,Alcohol use disorders,2017,0.3227572115
Argentine Republic,Alcohol use disorders,2018,0.3544159182
Argentine Republic,Alcohol use disorders,2019,0.4371686650
Argentine Republic,Autism spectrum disorders,2015,92.5970963452
Argentine Republic,Autism spectrum disorders,2016,92.8053404779
Argentine Republic,Autism spectrum disorders,2017,92.6448888298
Argentine Republic,Autism spectrum disorders,2018,92.4772903751
Argentine Republic,Autism spectrum disorders,2019,93.0081524420
Argentine Republic,Idiopathic developmental intellectual disability,2015,14.5522396127
Argentine Republic,Idiopathic developmental intellectual disability,2016,14.2848357695
Argentine Republic,Idiopathic developmental intellectual disability,2017,14.0626305175
Argentine Republic,Idiopathic developmental intellectual disability,2018,14.1640305114
Argentine Republic,Idiopathic developmental intellectual disability,2019,14.5214646425
Argentine Republic,Mental disorders,2015,107.1493359579
Argentine Republic,Mental disorders,2016,107.0901762474
Argentine Republic,Mental disorders,2017,106.7075193473
Argentine Republic,Mental disorders,2018,106.6413208866
Argentine Republic,Mental disorders,2019,107.5296170844
Argentine Republic,Substance use disorders,2015,0.3903666308
Argentine Republic,Substance use disorders,2016,0.3508807684
Argentine Republic,Substance use disorders,2017,0.3227572115
Argentine Republic,Substance use disorders,2018,0.3544159182
Argentine Republic,Substance use disorders,2019,0.4371686650
Federative Republic of Brazil,Alcohol use disorders,2015,0.0567092312
Federative Republic of Brazil,Alcohol use disorders,2016,0.0545307697
Federative Republic of Brazil,Alcohol use disorders,2017,0.0526547325
Federative Republic of Brazil,Alcohol use disorders,2018,0.0516009692
Federative Republic of Brazil,Alcohol use disorders,2019,0.0507554231
Federative Republic of Brazil,Autism spectrum disorders,2015,69.5241480153
Federative Republic of Brazil,Autism spectrum disorders,2016,69.4634020577
Federative Republic of Brazil,Autism spectrum disorders,2017,69.5809848130
Federative Republic of Brazil,Autism spectrum disorders,2018,69.5760824676
Federative Republic of Brazil,Autism spectrum disorders,2019,69.4556861037
Federative Republic of Brazil,Idiopathic developmental intellectual disability,2015,11.7197939952
Federative Republic of Brazil,Idiopathic developmental intellectual disability,2016,11.5808149478
Federative Republic of Brazil,Idiopathic developmental intellectual disability,2017,11.4999289895
Federative Republic of Brazil,Idiopathic developmental intellectual disability,2018,11.3749003946
Federative Republic of Brazil,Idiopathic developmental intellectual disability,2019,11.1867635901
Federative Republic of Brazil,Mental disorders,2015,81.2439420105
Federative Republic of Brazil,Mental disorders,2016,81.0442170054
Federative Republic of Brazil,Mental disorders,2017,81.0809138025
Federative Republic of Brazil,Mental disorders,2018,80.9509828622
Federative Republic of Brazil,Mental disorders,2019,80.6424496938
Federative Republic of Brazil,Substance use disorders,2015,0.0567092312
Federative Republic of Brazil,Substance use disorders,2016,0.0545307697
Federative Republic of Brazil,Substance use disorders,2017,0.0526547325
Federative Republic of Brazil,Substance use disorders,2018,0.0516009692
Federative Republic of Brazil,Substance use disorders,2019,0.0507554231
Grand Duchy of Luxembourg,Alcohol use disorders,2015,0.0289138248
Grand Duchy of Luxembourg,Alcohol use disorders,2016,0.0275490193
Grand Duchy of Luxembourg,Alcohol use disorders,2017,0.0262703072
Grand Duchy of Luxembourg,Alcohol use disorders,2018,0.0258263402
Grand Duchy of Luxembourg,Alcohol use disorders,2019,0.0257017328
Grand Duchy of Luxembourg,Autism spectrum disorders,2015,105.9382522596
Grand Duchy of Luxembourg,Autism spectrum disorders,2016,105.4502511462
Grand Duchy of Luxembourg,Autism spectrum disorders,2017,105.7746415276
Grand Duchy of Luxembourg,Autism spectrum disorders,2018,105.7947996294
Grand Duchy of Luxembourg,Autism spectrum disorders,2019,105.3707184044
Grand Duchy of Luxembourg,Idiopathic developmental intellectual disability,2015,5.1762520049
Grand Duchy of Luxembourg,Idiopathic developmental intellectual disability,2016,5.0512852833
Grand Duchy of Luxembourg,Idiopathic developmental intellectual disability,2017,4.9481277126
Grand Duchy of Luxembourg,Idiopathic developmental intellectual disability,2018,4.8947847346
Grand Duchy of Luxembourg,Idiopathic developmental intellectual disability,2019,4.8894986326
Grand Duchy of Luxembourg,Mental disorders,2015,111.1145042645
Grand Duchy of Luxembourg,Mental disorders,2016,110.5015364295
Grand Duchy of Luxembourg,Mental disorders,2017,110.7227692402
Grand Duchy of Luxembourg,Mental disorders,2018,110.6895843640
Grand Duchy of Luxembourg,Mental disorders,2019,110.2602170370
Grand Duchy of Luxembourg,Substance use disorders,2015,0.0289138248
Grand Duchy of Luxembourg,Substance use disorders,2016,0.0275490193
Grand Duchy of Luxembourg,Substance use disorders,2017,0.0262703072
Grand Duchy of Luxembourg,Substance use disorders,2018,0.0258263402
Grand Duchy of Luxembourg,Substance use disorders,2019,0.0257017328
Kingdom of Norway,Alcohol use disorders,2015,0.0153211737
Kingdom of Norway,Alcohol use disorders,2016,0.0151078829
Kingdom of Norway,Alcohol use disorders,2017,0.0148825471
Kingdom of Norway,Alcohol use disorders,2018,0.0148519131
Kingdom of Norway,Alcohol use disorders,2019,0.0148607481
Kingdom of Norway,Alcohol use disorders,2019,0.0148607481
Kingdom of Norway,Autism spectrum disorders,2015,89.5103646378
Kingdom of Norway,Autism spectrum disorders,2016,89.5523823432
Kingdom of Norway,Autism spectrum disorders,2017,89.5634097929
Kingdom of Norway,Autism spectrum disorders,2018,89.7810306827
Kingdom of Norway,Autism spectrum disorders,2019,90.3737679550
Kingdom of Norway,Autism spectrum disorders,2019,90.3737679550
Kingdom of Norway,Idiopathic developmental intellectual disability,2015,4.1600032069
Kingdom of Norway,Idiopathic developmental intellectual disability,2016,4.0549824716
Kingdom of Norway,Idiopathic developmental intellectual disability,2017,3.9534836189
Kingdom of Norway,Idiopathic developmental intellectual disability,2018,3.9294954209
Kingdom of Norway,Idiopathic developmental intellectual disability,2019,3.8857077314
Kingdom of Norway,Idiopathic developmental intellectual disability,2019,3.8857077314
Kingdom of Norway,Mental disorders,2015,93.6703678447
Kingdom of Norway,Mental disorders,2016,93.6073648148
Kingdom of Norway,Mental disorders,2017,93.5168934118
Kingdom of Norway,Mental disorders,2018,93.7105261035
Kingdom of Norway,Mental disorders,2019,94.2594756864
Kingdom of Norway,Substance use disorders,2015,0.0153211737
Kingdom of Norway,Substance use disorders,2016,0.0151078829
Kingdom of Norway,Substance use disorders,2017,0.0148825471
Kingdom of Norway,Substance use disorders,2018,0.0148519131
Kingdom of Norway,Substance use disorders,2019,0.0148607481
Kingdom of Spain,Alcohol use disorders,2015,0.2025424359
Kingdom of Spain,Alcohol use disorders,2016,0.2017956223
Kingdom of Spain,Alcohol use disorders,2017,0.2003685538
Kingdom of Spain,Alcohol use disorders,2018,0.1956886709
Kingdom of Spain,Alcohol use disorders,2019,0.1870490915
Kingdom of Spain,Autism spectrum disorders,2015,108.1704298674
Kingdom of Spain,Autism spectrum disorders,2016,108.0774823181
Kingdom of Spain,Autism spectrum disorders,2017,108.0772477842
Kingdom of Spain,Autism spectrum disorders,2018,107.7858706598
Kingdom of Spain,Autism spectrum disorders,2019,107.7760253586
Kingdom of Spain,Autism spectrum disorders,2019,107.7760253586
Kingdom of Spain,Idiopathic developmental intellectual disability,2015,52.5403896955
Kingdom of Spain,Idiopathic developmental intellectual disability,2016,52.0995750790
Kingdom of Spain,Idiopathic developmental intellectual disability,2017,51.2774316073
Kingdom of Spain,Idiopathic developmental intellectual disability,2018,49.8716310661
Kingdom of Spain,Idiopathic developmental intellectual disability,2019,47.6530470260
Kingdom of Spain,Idiopathic developmental intellectual disability,2019,47.6530470260
Kingdom of Spain,Mental disorders,2015,160.7108195629
Kingdom of Spain,Mental disorders,2016,160.1770573971
Kingdom of Spain,Mental disorders,2017,159.3546793914
Kingdom of Spain,Mental disorders,2018,157.6575017259
Kingdom of Spain,Mental disorders,2019,155.4290723846
Kingdom of Spain,Substance use disorders,2015,0.2025424359
Kingdom of Spain,Substance use disorders,2016,0.2017956223
Kingdom of Spain,Substance use disorders,2017,0.2003685538
Kingdom of Spain,Substance use disorders,2018,0.1956886709
Kingdom of Spain,Substance use disorders,2019,0.1870490915
Kingdom of Spain,Substance use disorders,2019,0.1870490915
Kingdom of Sweden,Alcohol use disorders,2015,0.1604164571
Kingdom of Sweden,Alcohol use disorders,2016,0.1549440350
Kingdom of Sweden,Alcohol use disorders,2017,0.1503982281
Kingdom of Sweden,Alcohol use disorders,2018,0.1658776181
Kingdom of Sweden,Alcohol use disorders,2019,0.2013985073
Kingdom of Sweden,Autism spectrum disorders,2015,132.6521996518
Kingdom of Sweden,Autism spectrum disorders,2016,132.7180966707
Kingdom of Sweden,Autism spectrum disorders,2017,132.5352485487
Kingdom of Sweden,Autism spectrum disorders,2018,132.2966877818
Kingdom of Sweden,Autism spectrum disorders,2019,131.5716730115
Kingdom of Sweden,Idiopathic developmental intellectual disability,2015,11.5354018947
Kingdom of Sweden,Idiopathic developmental intellectual disability,2016,11.3637060508
Kingdom of Sweden,Idiopathic developmental intellectual disability,2017,11.1753352963
Kingdom of Sweden,Idiopathic developmental intellectual disability,2018,12.0865327105
Kingdom of Sweden,Idiopathic developmental intellectual disability,2019,13.9330030050
Kingdom of Sweden,Mental disorders,2015,144.1876015465
Kingdom of Sweden,Mental disorders,2016,144.0818027215
Kingdom of Sweden,Mental disorders,2017,143.7105838450
Kingdom of Sweden,Mental disorders,2018,144.3832204923
Kingdom of Sweden,Mental disorders,2019,145.5046760165
Kingdom of Sweden,Mental disorders,2019,145.5046760165
Kingdom of Sweden,Substance use disorders,2015,0.1604164571
Kingdom of Sweden,Substance use disorders,2016,0.1549440350
Kingdom of Sweden,Substance use disorders,2017,0.1503982281
Kingdom of Sweden,Substance use disorders,2018,0.1658776181
Kingdom of Sweden,Substance use disorders,2019,0.2013985073
Kingdom of Sweden,Substance use disorders,2019,0.2013985073
Kingdom of the Netherlands,Alcohol use disorders,2015,0.0184288920
Kingdom of the Netherlands,Alcohol use disorders,2016,0.0183041922
Kingdom of the Netherlands,Alcohol use disorders,2017,0.0181331440
Kingdom of the Netherlands,Alcohol use disorders,2018,0.0179543831
Kingdom of the Netherlands,Alcohol use disorders,2019,0.0177307400
Kingdom of the Netherlands,Alcohol use disorders,2019,0.0177307400
Kingdom of the Netherlands,Autism spectrum disorders,2015,116.0121822263
Kingdom of the Netherlands,Autism spectrum disorders,2016,116.0383646546
Kingdom of the Netherlands,Autism spectrum disorders,2017,116.0928563456
Kingdom of the Netherlands,Autism spectrum disorders,2018,116.3218933547
Kingdom of the Netherlands,Autism spectrum disorders,2019,115.9332679986
Kingdom of the Netherlands,Idiopathic developmental intellectual disability,2015,4.9746638728
Kingdom of the Netherlands,Idiopathic developmental intellectual disability,2016,4.8747919904
Kingdom of the Netherlands,Idiopathic developmental intellectual disability,2017,4.7689238647
Kingdom of the Netherlands,Idiopathic developmental intellectual disability,2018,4.6865625040
Kingdom of the Netherlands,Idiopathic developmental intellectual disability,2019,4.6261918916
Kingdom of the Netherlands,Mental disorders,2015,120.9868460991
Kingdom of the Netherlands,Mental disorders,2016,120.9131566450
Kingdom of the Netherlands,Mental disorders,2017,120.8617802103
Kingdom of the Netherlands,Mental disorders,2018,121.0084558587
Kingdom of the Netherlands,Mental disorders,2019,120.5594598902
Kingdom of the Netherlands,Mental disorders,2019,120.5594598902
Kingdom of the Netherlands,Substance use disorders,2015,0.0184288920
Kingdom of the Netherlands,Substance use disorders,2016,0.0183041922
Kingdom of the Netherlands,Substance use disorders,2017,0.0181331440
Kingdom of the Netherlands,Substance use disorders,2018,0.0179543831
Kingdom of the Netherlands,Substance use disorders,2019,0.0177307400
New Zealand,Alcohol use disorders,2015,0.0692992077
New Zealand,Alcohol use disorders,2016,0.0654901820
New Zealand,Alcohol use disorders,2017,0.0616319689
New Zealand,Alcohol use disorders,2018,0.0667010544
New Zealand,Alcohol use disorders,2019,0.0794096955
New Zealand,Alcohol use disorders,2019,0.0794096955
New Zealand,Autism spectrum disorders,2015,84.3632382563
New Zealand,Autism spectrum disorders,2016,84.2407100867
New Zealand,Autism spectrum disorders,2017,84.4499219315
New Zealand,Autism spectrum disorders,2018,84.2306087632
New Zealand,Autism spectrum disorders,2019,84.3820152053
New Zealand,Idiopathic developmental intellectual disability,2015,6.8235948185
New Zealand,Idiopathic developmental intellectual disability,2016,6.4233846093
New Zealand,Idiopathic developmental intellectual disability,2017,6.0103453594
New Zealand,Idiopathic developmental intellectual disability,2018,6.7259022986
New Zealand,Idiopathic developmental intellectual disability,2019,8.4332081866
New Zealand,Mental disorders,2015,91.1868330748
New Zealand,Mental disorders,2016,90.6640946959
New Zealand,Mental disorders,2017,90.4602672910
New Zealand,Mental disorders,2018,90.9565110618
New Zealand,Mental disorders,2019,92.8152233919
New Zealand,Mental disorders,2019,92.8152233919
New Zealand,Substance use disorders,2015,0.0692992077
New Zealand,Substance use disorders,2016,0.0654901820
New Zealand,Substance use disorders,2017,0.0616319689
New Zealand,Substance use disorders,2018,0.0667010544
New Zealand,Substance use disorders,2019,0.0794096955
Portuguese Republic,Alcohol use disorders,2015,0.0807338492
Portuguese Republic,Alcohol use disorders,2016,0.0779851188
Portuguese Republic,Alcohol use disorders,2017,0.0745075108
Portuguese Republic,Alcohol use disorders,2018,0.0719051739
Portuguese Republic,Alcohol use disorders,2019,0.0695769636
Portuguese Republic,Autism spectrum disorders,2015,104.7019321926
Portuguese Republic,Autism spectrum disorders,2016,104.6765452545
Portuguese Republic,Autism spectrum disorders,2017,104.4969462238
Portuguese Republic,Autism spectrum disorders,2018,104.5212927727
Portuguese Republic,Autism spectrum disorders,2019,104.5116601663
Portuguese Republic,Autism spectrum disorders,2019,104.5116601663
Portuguese Republic,Idiopathic developmental intellectual disability,2015,12.7828434422
Portuguese Republic,Idiopathic developmental intellectual disability,2016,12.7250624188
Portuguese Republic,Idiopathic developmental intellectual disability,2017,12.5019502174
Portuguese Republic,Idiopathic developmental intellectual disability,2018,12.3497402443
Portuguese Republic,Idiopathic developmental intellectual disability,2019,12.1521968724
Portuguese Republic,Idiopathic developmental intellectual disability,2019,12.1521968724
Portuguese Republic,Mental disorders,2015,117.4847756348
Portuguese Republic,Mental disorders,2016,117.4016076733
Portuguese Republic,Mental disorders,2017,116.9988964412
Portuguese Republic,Mental disorders,2018,116.8710330170
Portuguese Republic,Mental disorders,2019,116.6638570387
Portuguese Republic,Substance use disorders,2015,0.0807338492
Portuguese Republic,Substance use disorders,2016,0.0779851188
Portuguese Republic,Substance use disorders,2017,0.0745075108
Portuguese Republic,Substance use disorders,2018,0.0719051739
Portuguese Republic,Substance use disorders,2019,0.0695769636
Portuguese Republic,Substance use disorders,2019,0.0695769636
Republic of Bulgaria,Alcohol use disorders,2015,0.0708816196
Republic of Bulgaria,Alcohol use disorders,2016,0.0686370292
Republic of Bulgaria,Alcohol use disorders,2017,0.0663320327
Republic of Bulgaria,Alcohol use disorders,2018,0.0644171991
Republic of Bulgaria,Alcohol use disorders,2019,0.0626483967
Republic of Bulgaria,Autism spectrum disorders,2015,71.1335837531
Republic of Bulgaria,Autism spectrum disorders,2016,71.0634146925
Republic of Bulgaria,Autism spectrum disorders,2017,71.0691251939
Republic of Bulgaria,Autism spectrum disorders,2018,71.1596428045
Republic of Bulgaria,Autism spectrum disorders,2019,71.0406315122
Republic of Bulgaria,Idiopathic developmental intellectual disability,2015,15.5738108631
Republic of Bulgaria,Idiopathic developmental intellectual disability,2016,15.1848026743
Republic of Bulgaria,Idiopathic developmental intellectual disability,2017,14.7817079054
Republic of Bulgaria,Idiopathic developmental intellectual disability,2018,14.3733524380
Republic of Bulgaria,Idiopathic developmental intellectual disability,2019,14.0222659300
Republic of Bulgaria,Mental disorders,2015,86.7073946163
Republic of Bulgaria,Mental disorders,2016,86.2482173668
Republic of Bulgaria,Mental disorders,2017,85.8508330993
Republic of Bulgaria,Mental disorders,2018,85.5329952425
Republic of Bulgaria,Mental disorders,2019,85.0628974421
Republic of Bulgaria,Substance use disorders,2015,0.0708816196
Republic of Bulgaria,Substance use disorders,2016,0.0686370292
Republic of Bulgaria,Substance use disorders,2017,0.0663320327
Republic of Bulgaria,Substance use disorders,2018,0.0644171991
Republic of Bulgaria,Substance use disorders,2019,0.0626483967
Republic of Croatia,Alcohol use disorders,2015,0.0924653785
Republic of Croatia,Alcohol use disorders,2016,0.0926046358
Republic of Croatia,Alcohol use disorders,2017,0.0920853627
Republic of Croatia,Alcohol use disorders,2018,0.0859292257
Republic of Croatia,Alcohol use disorders,2019,0.0734174917
Republic of Croatia,Autism spectrum disorders,2015,71.6339011469
Republic of Croatia,Autism spectrum disorders,2016,71.8816692614
Republic of Croatia,Autism spectrum disorders,2017,71.7370157039
Republic of Croatia,Autism spectrum disorders,2018,71.9307790414
Republic of Croatia,Autism spectrum disorders,2019,71.6446647499
Republic of Croatia,Idiopathic developmental intellectual disability,2015,13.4659332797
Republic of Croatia,Idiopathic developmental intellectual disability,2016,13.3507755566
Republic of Croatia,Idiopathic developmental intellectual disability,2017,13.1294801762
Republic of Croatia,Idiopathic developmental intellectual disability,2018,12.8427795071
Republic of Croatia,Idiopathic developmental intellectual disability,2019,12.4929093357
Republic of Croatia,Mental disorders,2015,85.0998344265
Republic of Croatia,Mental disorders,2016,85.2324448180
Republic of Croatia,Mental disorders,2017,84.8664958802
Republic of Croatia,Mental disorders,2018,84.7735585485
Republic of Croatia,Mental disorders,2019,84.1375740856
Republic of Croatia,Substance use disorders,2015,0.0924653785
Republic of Croatia,Substance use disorders,2016,0.0926046358
Republic of Croatia,Substance use disorders,2017,0.0920853627
Republic of Croatia,Substance use disorders,2018,0.0859292257
Republic of Croatia,Substance use disorders,2019,0.0734174917
Republic of Korea,Alcohol use disorders,2015,0.0409801950
Republic of Korea,Alcohol use disorders,2016,0.0399045467
Republic of Korea,Alcohol use disorders,2017,0.0383930321
Republic of Korea,Alcohol use disorders,2018,0.0342147614
Republic of Korea,Alcohol use disorders,2019,0.0270536890
Republic of Korea,Autism spectrum disorders,2015,104.8969248532
Republic of Korea,Autism spectrum disorders,2016,104.8145181141
Republic of Korea,Autism spectrum disorders,2017,105.0453170996
Republic of Korea,Autism spectrum disorders,2018,105.1308364168
Republic of Korea,Autism spectrum disorders,2019,104.6244331578
Republic of Korea,Autism spectrum disorders,2019,104.6244331578
Republic of Korea,Idiopathic developmental intellectual disability,2015,1.1540553022
Republic of Korea,Idiopathic developmental intellectual disability,2016,1.0850077272
Republic of Korea,Idiopathic developmental intellectual disability,2017,0.9943415869
Republic of Korea,Idiopathic developmental intellectual disability,2018,0.8230802326
Republic of Korea,Idiopathic developmental intellectual disability,2019,0.5970783578
Republic of Korea,Idiopathic developmental intellectual disability,2019,0.5970783578
Republic of Korea,Mental disorders,2015,106.0509801553
Republic of Korea,Mental disorders,2016,105.8995258413
Republic of Korea,Mental disorders,2017,106.0396586865
Republic of Korea,Mental disorders,2018,105.9539166494
Republic of Korea,Mental disorders,2019,105.2215115156
Republic of Korea,Substance use disorders,2015,0.0409801950
Republic of Korea,Substance use disorders,2016,0.0399045467
Republic of Korea,Substance use disorders,2017,0.0383930321
Republic of Korea,Substance use disorders,2018,0.0342147614
Republic of Korea,Substance use disorders,2019,0.0270536890
Republic of Korea,Substance use disorders,2019,0.0270536890
Republic of Latvia,Alcohol use disorders,2015,0.3515819079
Republic of Latvia,Alcohol use disorders,2016,0.3458714359
Republic of Latvia,Alcohol use disorders,2017,0.3391063208
Republic of Latvia,Alcohol use disorders,2018,0.3306598651
Republic of Latvia,Alcohol use disorders,2018,0.3306598651
Republic of Latvia,Alcohol use disorders,2019,0.3198062415
Republic of Latvia,Alcohol use disorders,2019,0.3198062415
Republic of Latvia,Autism spectrum disorders,2015,77.9884794800
Republic of Latvia,Autism spectrum disorders,2016,77.9042425791
Republic of Latvia,Autism spectrum disorders,2017,77.9672740930
Republic of Latvia,Autism spectrum disorders,2018,78.3047757270
Republic of Latvia,Autism spectrum disorders,2019,78.0978340528
Republic of Latvia,Autism spectrum disorders,2019,78.0978340528
Republic of Latvia,Idiopathic developmental intellectual disability,2015,16.0335289299
Republic of Latvia,Idiopathic developmental intellectual disability,2016,15.6652102707
Republic of Latvia,Idiopathic developmental intellectual disability,2017,15.3691339209
Republic of Latvia,Idiopathic developmental intellectual disability,2018,14.9546328567
Republic of Latvia,Idiopathic developmental intellectual disability,2019,14.6287103993
Republic of Latvia,Idiopathic developmental intellectual disability,2019,14.6287103993
Republic of Latvia,Mental disorders,2015,94.0220084099
Republic of Latvia,Mental disorders,2016,93.5694528498
Republic of Latvia,Mental disorders,2017,93.3364080139
Republic of Latvia,Mental disorders,2018,93.2594085837
Republic of Latvia,Mental disorders,2018,93.2594085837
Republic of Latvia,Mental disorders,2019,92.7265444521
Republic of Latvia,Mental disorders,2019,92.7265444521
Republic of Latvia,Substance use disorders,2015,0.3515819079
Republic of Latvia,Substance use disorders,2016,0.3458714359
Republic of Latvia,Substance use disorders,2017,0.3391063208
Republic of Latvia,Substance use disorders,2018,0.3306598651
Republic of Latvia,Substance use disorders,2019,0.3198062415
Republic of Latvia,Substance use disorders,2019,0.3198062415
Republic of Lithuania,Alcohol use disorders,2015,0.3160407268
Republic of Lithuania,Alcohol use disorders,2016,0.3023199056
Republic of Lithuania,Alcohol use disorders,2017,0.2881392913
Republic of Lithuania,Alcohol use disorders,2018,0.2778404823
Republic of Lithuania,Alcohol use disorders,2018,0.2778404823
Republic of Lithuania,Alcohol use disorders,2019,0.2693360112
Republic of Lithuania,Alcohol use disorders,2019,0.2693360112
Republic of Lithuania,Autism spectrum disorders,2015,79.3613264994
Republic of Lithuania,Autism spectrum disorders,2016,79.2689103688
Republic of Lithuania,Autism spectrum disorders,2017,79.4192716178
Republic of Lithuania,Autism spectrum disorders,2018,79.2349402744
Republic of Lithuania,Autism spectrum disorders,2018,79.2349402744
Republic of Lithuania,Autism spectrum disorders,2019,79.0931516845
Republic of Lithuania,Autism spectrum disorders,2019,79.0931516845
Republic of Lithuania,Idiopathic developmental intellectual disability,2015,14.1877724204
Republic of Lithuania,Idiopathic developmental intellectual disability,2016,13.7055552101
Republic of Lithuania,Idiopathic developmental intellectual disability,2017,13.1291529855
Republic of Lithuania,Idiopathic developmental intellectual disability,2018,12.7889616783
Republic of Lithuania,Idiopathic developmental intellectual disability,2019,12.5037263599
Republic of Lithuania,Idiopathic developmental intellectual disability,2019,12.5037263599
Republic of Lithuania,Mental disorders,2015,93.5490989198
Republic of Lithuania,Mental disorders,2016,92.9744655789
Republic of Lithuania,Mental disorders,2017,92.5484246033
Republic of Lithuania,Mental disorders,2018,92.0239019526
Republic of Lithuania,Mental disorders,2018,92.0239019526
Republic of Lithuania,Mental disorders,2019,91.5968780444
Republic of Lithuania,Mental disorders,2019,91.5968780444
Republic of Lithuania,Substance use disorders,2015,0.3160407268
Republic of Lithuania,Substance use disorders,2016,0.3023199056
Republic of Lithuania,Substance use disorders,2017,0.2881392913
Republic of Lithuania,Substance use disorders,2018,0.2778404823
Republic of Lithuania,Substance use disorders,2019,0.2693360112
Republic of Lithuania,Substance use disorders,2019,0.2693360112
Republic of Peru,Alcohol use disorders,2015,0.0971657181
Republic of Peru,Alcohol use disorders,2016,0.0947317953
Republic of Peru,Alcohol use disorders,2017,0.0922414804
Republic of Peru,Alcohol use disorders,2018,0.0901039145
Republic of Peru,Alcohol use disorders,2019,0.0880357484
Republic of Peru,Autism spectrum disorders,2015,66.4940237587
Republic of Peru,Autism spectrum disorders,2016,66.6121846970
Republic of Peru,Autism spectrum disorders,2017,66.5319846811
Republic of Peru,Autism spectrum disorders,2018,66.5742820105
Republic of Peru,Autism spectrum disorders,2019,66.7203458544
Republic of Peru,Idiopathic developmental intellectual disability,2015,14.7621623499
Republic of Peru,Idiopathic developmental intellectual disability,2016,14.3298131306
Republic of Peru,Idiopathic developmental intellectual disability,2017,14.0386963896
Republic of Peru,Idiopathic developmental intellectual disability,2018,13.6814459152
Republic of Peru,Idiopathic developmental intellectual disability,2019,13.2851557261
Republic of Peru,Mental disorders,2015,81.2561861086
Republic of Peru,Mental disorders,2016,80.9419978276
Republic of Peru,Mental disorders,2017,80.5706810707
Republic of Peru,Mental disorders,2018,80.2557279258
Republic of Peru,Mental disorders,2019,80.0055015805
Republic of Peru,Substance use disorders,2015,0.0971657181
Republic of Peru,Substance use disorders,2016,0.0947317953
Republic of Peru,Substance use disorders,2017,0.0922414804
Republic of Peru,Substance use disorders,2018,0.0901039145
Republic of Peru,Substance use disorders,2019,0.0880357484
Republic of Poland,Alcohol use disorders,2015,0.0236301900
Republic of Poland,Alcohol use disorders,2016,0.0225551398
Republic of Poland,Alcohol use disorders,2017,0.0214357437
Republic of Poland,Alcohol use disorders,2018,0.0206800438
Republic of Poland,Alcohol use disorders,2019,0.0200460359
Republic of Poland,Alcohol use disorders,2019,0.0200460359
Republic of Poland,Autism spectrum disorders,2015,71.8739792794
Republic of Poland,Autism spectrum disorders,2016,71.9103375061
Republic of Poland,Autism spectrum disorders,2016,71.9103375061
Republic of Poland,Autism spectrum disorders,2017,71.8493403474
Republic of Poland,Autism spectrum disorders,2018,71.8165803225
Republic of Poland,Autism spectrum disorders,2018,71.8165803225
Republic of Poland,Autism spectrum disorders,2019,71.9016428513
Republic of Poland,Autism spectrum disorders,2019,71.9016428513
Republic of Poland,Idiopathic developmental intellectual disability,2015,14.2101126848
Republic of Poland,Idiopathic developmental intellectual disability,2016,13.7459611028
Republic of Poland,Idiopathic developmental intellectual disability,2017,13.2969194362
Republic of Poland,Idiopathic developmental intellectual disability,2018,12.9527494463
Republic of Poland,Idiopathic developmental intellectual disability,2019,12.6396150400
Republic of Poland,Mental disorders,2015,86.0840919642
Republic of Poland,Mental disorders,2016,85.6562986089
Republic of Poland,Mental disorders,2017,85.1462597836
Republic of Poland,Mental disorders,2018,84.7693297688
Republic of Poland,Mental disorders,2019,84.5412578913
Republic of Poland,Mental disorders,2019,84.5412578913
Republic of Poland,Substance use disorders,2015,0.0236301900
Republic of Poland,Substance use disorders,2016,0.0225551398
Republic of Poland,Substance use disorders,2017,0.0214357437
Republic of Poland,Substance use disorders,2018,0.0206800438
Republic of Poland,Substance use disorders,2019,0.0200460359
Republic of Slovenia,Alcohol use disorders,2015,0.0384434376
Republic of Slovenia,Alcohol use disorders,2016,0.0361110753
Republic of Slovenia,Alcohol use disorders,2017,0.0337838103
Republic of Slovenia,Alcohol use disorders,2018,0.0335845943
Republic of Slovenia,Alcohol use disorders,2019,0.0344097236
Republic of Slovenia,Autism spectrum disorders,2015,71.4195911994
Republic of Slovenia,Autism spectrum disorders,2016,71.4177397973
Republic of Slovenia,Autism spectrum disorders,2017,71.4033450358
Republic of Slovenia,Autism spectrum disorders,2018,71.4041322090
Republic of Slovenia,Autism spectrum disorders,2018,71.4041322090
Republic of Slovenia,Autism spectrum disorders,2019,71.2534008116
Republic of Slovenia,Autism spectrum disorders,2019,71.2534008116
Republic of Slovenia,Idiopathic developmental intellectual disability,2015,11.6261321553
Republic of Slovenia,Idiopathic developmental intellectual disability,2016,11.4088488337
Republic of Slovenia,Idiopathic developmental intellectual disability,2017,11.1554252026
Republic of Slovenia,Idiopathic developmental intellectual disability,2018,11.0529684388
Republic of Slovenia,Idiopathic developmental intellectual disability,2018,11.0529684388
Republic of Slovenia,Idiopathic developmental intellectual disability,2019,11.0323120743
Republic of Slovenia,Idiopathic developmental intellectual disability,2019,11.0323120743
Republic of Slovenia,Mental disorders,2015,83.0457233547
Republic of Slovenia,Mental disorders,2016,82.8265886309
Republic of Slovenia,Mental disorders,2017,82.5587702384
Republic of Slovenia,Mental disorders,2018,82.4571006478
Republic of Slovenia,Mental disorders,2019,82.2857128859
Republic of Slovenia,Substance use disorders,2015,0.0384434376
Republic of Slovenia,Substance use disorders,2016,0.0361110753
Republic of Slovenia,Substance use disorders,2017,0.0337838103
Republic of Slovenia,Substance use disorders,2018,0.0335845943
Republic of Slovenia,Substance use disorders,2018,0.0335845943
Republic of Slovenia,Substance use disorders,2019,0.0344097236
Republic of Slovenia,Substance use disorders,2019,0.0344097236
Republic of South Africa,Alcohol use disorders,2015,0.3549950946
Republic of South Africa,Alcohol use disorders,2016,0.3435383666
Republic of South Africa,Alcohol use disorders,2017,0.3329148820
Republic of South Africa,Alcohol use disorders,2018,0.3320220437
Republic of South Africa,Alcohol use disorders,2019,0.3334674974
Republic of South Africa,Autism spectrum disorders,2015,73.3757103605
Republic of South Africa,Autism spectrum disorders,2016,73.4689326953
Republic of South Africa,Autism spectrum disorders,2017,73.3895317634
Republic of South Africa,Autism spectrum disorders,2018,73.4425552363
Republic of South Africa,Autism spectrum disorders,2019,73.4721859444
Republic of South Africa,Idiopathic developmental intellectual disability,2015,11.1959179347
Republic of South Africa,Idiopathic developmental intellectual disability,2016,11.1148773147
Republic of South Africa,Idiopathic developmental intellectual disability,2017,10.9949033550
Republic of South Africa,Idiopathic developmental intellectual disability,2018,11.0020639862
Republic of South Africa,Idiopathic developmental intellectual disability,2019,11.0562058519
Republic of South Africa,Mental disorders,2015,84.5716282952
Republic of South Africa,Mental disorders,2016,84.5838100101
Republic of South Africa,Mental disorders,2017,84.3844351184
Republic of South Africa,Mental disorders,2018,84.4446192225
Republic of South Africa,Mental disorders,2019,84.5283917963
Republic of South Africa,Substance use disorders,2015,0.3549950946
Republic of South Africa,Substance use disorders,2016,0.3435383666
Republic of South Africa,Substance use disorders,2017,0.3329148820
Republic of South Africa,Substance use disorders,2018,0.3320220437
Republic of South Africa,Substance use disorders,2019,0.3334674974
Republic of Turkey,Alcohol use disorders,2015,0.2850779107
Republic of Turkey,Alcohol use disorders,2016,0.2829280790
Republic of Turkey,Alcohol use disorders,2017,0.2811435907
Republic of Turkey,Alcohol use disorders,2018,0.2807094528
Republic of Turkey,Alcohol use disorders,2018,0.2807094528
Republic of Turkey,Alcohol use disorders,2019,0.2806366955
Republic of Turkey,Autism spectrum disorders,2015,55.9191047392
Republic of Turkey,Autism spectrum disorders,2016,56.1532293128
Republic of Turkey,Autism spectrum disorders,2017,56.1412058222
Republic of Turkey,Autism spectrum disorders,2018,56.1654570610
Republic of Turkey,Autism spectrum disorders,2018,56.1654570610
Republic of Turkey,Autism spectrum disorders,2019,56.1657348273
Republic of Turkey,Autism spectrum disorders,2019,56.1657348273
Republic of Turkey,Idiopathic developmental intellectual disability,2015,46.1780651408
Republic of Turkey,Idiopathic developmental intellectual disability,2016,44.9747381176
Republic of Turkey,Idiopathic developmental intellectual disability,2017,43.9930858723
Republic of Turkey,Idiopathic developmental intellectual disability,2018,43.1042302961
Republic of Turkey,Idiopathic developmental intellectual disability,2018,43.1042302961
Republic of Turkey,Idiopathic developmental intellectual disability,2019,42.2640119537
Republic of Turkey,Idiopathic developmental intellectual disability,2019,42.2640119537
Republic of Turkey,Mental disorders,2015,102.0971698800
Republic of Turkey,Mental disorders,2016,101.1279674304
Republic of Turkey,Mental disorders,2017,100.1342916945
Republic of Turkey,Mental disorders,2018,99.2696873571
Republic of Turkey,Mental disorders,2018,99.2696873571
Republic of Turkey,Mental disorders,2019,98.4297467809
Republic of Turkey,Substance use disorders,2015,0.2850779107
Republic of Turkey,Substance use disorders,2016,0.2829280790
Republic of Turkey,Substance use disorders,2017,0.2811435907
Republic of Turkey,Substance use disorders,2018,0.2807094528
Republic of Turkey,Substance use disorders,2018,0.2807094528
Republic of Turkey,Substance use disorders,2019,0.2806366955
Republic of Turkey,Substance use disorders,2019,0.2806366955
Romania,Alcohol use disorders,2015,0.0745716248
Romania,Alcohol use disorders,2016,0.0720362680
Romania,Alcohol use disorders,2017,0.0692110446
Romania,Alcohol use disorders,2018,0.0668956880
Romania,Alcohol use disorders,2019,0.0647276418
Romania,Autism spectrum disorders,2015,70.6366478958
Romania,Autism spectrum disorders,2016,70.6997620698
Romania,Autism spectrum disorders,2017,71.1431822843
Romania,Autism spectrum disorders,2018,71.0955864224
Romania,Autism spectrum disorders,2019,70.6323456133
Romania,Idiopathic developmental intellectual disability,2015,14.7491905994
Romania,Idiopathic developmental intellectual disability,2016,14.3777040228
Romania,Idiopathic developmental intellectual disability,2017,13.8949256177
Romania,Idiopathic developmental intellectual disability,2018,13.5328628457
Romania,Idiopathic developmental intellectual disability,2019,13.0402722916
Romania,Mental disorders,2015,85.3858384952
Romania,Mental disorders,2016,85.0774660926
Romania,Mental disorders,2017,85.0381079020
Romania,Mental disorders,2018,84.6284492681
Romania,Mental disorders,2019,83.6726179049
Romania,Substance use disorders,2015,0.0745716248
Romania,Substance use disorders,2016,0.0720362680
Romania,Substance use disorders,2017,0.0692110446
Romania,Substance use disorders,2018,0.0668956880
Romania,Substance use disorders,2019,0.0647276418
Russian Federation,Alcohol use disorders,2015,0.3337164155
Russian Federation,Alcohol use disorders,2016,0.3216751889
Russian Federation,Alcohol use disorders,2017,0.3129370588
Russian Federation,Alcohol use disorders,2018,0.3165642821
Russian Federation,Alcohol use disorders,2019,0.3289929240
Russian Federation,Autism spectrum disorders,2015,78.4838989705
Russian Federation,Autism spectrum disorders,2016,78.4539535601
Russian Federation,Autism spectrum disorders,2017,78.4184812040
Russian Federation,Autism spectrum disorders,2018,78.4205241045
Russian Federation,Autism spectrum disorders,2019,78.4739710418
Russian Federation,Idiopathic developmental intellectual disability,2015,16.7184286234
Russian Federation,Idiopathic developmental intellectual disability,2016,16.3002139853
Russian Federation,Idiopathic developmental intellectual disability,2017,15.9968743734
Russian Federation,Idiopathic developmental intellectual disability,2018,16.0245240291
Russian Federation,Idiopathic developmental intellectual disability,2019,16.2471688706
Russian Federation,Mental disorders,2015,95.2023275940
Russian Federation,Mental disorders,2016,94.7541675454
Russian Federation,Mental disorders,2017,94.4153555775
Russian Federation,Mental disorders,2018,94.4450481335
Russian Federation,Mental disorders,2019,94.7211399124
Russian Federation,Substance use disorders,2015,0.3337164155
Russian Federation,Substance use disorders,2016,0.3216751889
Russian Federation,Substance use disorders,2017,0.3129370588
Russian Federation,Substance use disorders,2018,0.3165642821
Russian Federation,Substance use disorders,2019,0.3289929240
Slovak Republic,Alcohol use disorders,2015,0.0625361795
Slovak Republic,Alcohol use disorders,2016,0.0598480164
Slovak Republic,Alcohol use disorders,2017,0.0569655410
Slovak Republic,Alcohol use disorders,2018,0.0559678274
Slovak Republic,Alcohol use disorders,2019,0.0556365856
Slovak Republic,Alcohol use disorders,2019,0.0556365856
Slovak Republic,Autism spectrum disorders,2015,70.7809047963
Slovak Republic,Autism spectrum disorders,2016,70.8341852123
Slovak Republic,Autism spectrum disorders,2017,71.1180045598
Slovak Republic,Autism spectrum disorders,2018,71.0748329757
Slovak Republic,Autism spectrum disorders,2018,71.0748329757
Slovak Republic,Autism spectrum disorders,2019,71.0969563855
Slovak Republic,Autism spectrum disorders,2019,71.0969563855
Slovak Republic,Idiopathic developmental intellectual disability,2015,12.6025361791
Slovak Republic,Idiopathic developmental intellectual disability,2016,12.3244646123
Slovak Republic,Idiopathic developmental intellectual disability,2017,12.0312638736
Slovak Republic,Idiopathic developmental intellectual disability,2018,11.7073543631
Slovak Republic,Idiopathic developmental intellectual disability,2018,11.7073543631
Slovak Republic,Idiopathic developmental intellectual disability,2019,11.4192185308
Slovak Republic,Idiopathic developmental intellectual disability,2019,11.4192185308
Slovak Republic,Mental disorders,2015,83.3834409755
Slovak Republic,Mental disorders,2016,83.1586498246
Slovak Republic,Mental disorders,2017,83.1492684334
Slovak Republic,Mental disorders,2018,82.7821873388
Slovak Republic,Mental disorders,2019,82.5161749164
Slovak Republic,Mental disorders,2019,82.5161749164
Slovak Republic,Substance use disorders,2015,0.0625361795
Slovak Republic,Substance use disorders,2016,0.0598480164
Slovak Republic,Substance use disorders,2017,0.0569655410
Slovak Republic,Substance use disorders,2018,0.0559678274
Slovak Republic,Substance use disorders,2018,0.0559678274
Slovak Republic,Substance use disorders,2019,0.0556365856
Slovak Republic,Substance use disorders,2019,0.0556365856
Swiss Confederation,Alcohol use disorders,2015,0.0368735906
Swiss Confederation,Alcohol use disorders,2016,0.0364111275
Swiss Confederation,Alcohol use disorders,2017,0.0360603028
Swiss Confederation,Alcohol use disorders,2018,0.0359743198
Swiss Confederation,Alcohol use disorders,2019,0.0361138141
Swiss Confederation,Alcohol use disorders,2019,0.0361138141
Swiss Confederation,Autism spectrum disorders,2015,106.0498370863
Swiss Confederation,Autism spectrum disorders,2016,105.7040039875
Swiss Confederation,Autism spectrum disorders,2017,105.9130245194
Swiss Confederation,Autism spectrum disorders,2018,105.9067927279
Swiss Confederation,Autism spectrum disorders,2019,105.7603385907
Swiss Confederation,Idiopathic developmental intellectual disability,2015,4.7944464631
Swiss Confederation,Idiopathic developmental intellectual disability,2016,4.7651366671
Swiss Confederation,Idiopathic developmental intellectual disability,2017,4.7427681809
Swiss Confederation,Idiopathic developmental intellectual disability,2018,4.8434212526
Swiss Confederation,Idiopathic developmental intellectual disability,2019,5.0792602343
Swiss Confederation,Mental disorders,2015,110.8442835494
Swiss Confederation,Mental disorders,2016,110.4691406546
Swiss Confederation,Mental disorders,2017,110.6557927003
Swiss Confederation,Mental disorders,2018,110.7502139804
Swiss Confederation,Mental disorders,2019,110.8395988250
Swiss Confederation,Mental disorders,2019,110.8395988250
Swiss Confederation,Substance use disorders,2015,0.0368735906
Swiss Confederation,Substance use disorders,2016,0.0364111275
Swiss Confederation,Substance use disorders,2017,0.0360603028
Swiss Confederation,Substance use disorders,2018,0.0359743198
Swiss Confederation,Substance use disorders,2019,0.0361138141
United Kingdom of Great Britain and Northern Ireland,Alcohol use disorders,2015,0.0323482311
United Kingdom of Great Britain and Northern Ireland,Alcohol use disorders,2016,0.0308778838
United Kingdom of Great Britain and Northern Ireland,Alcohol use disorders,2017,0.0291345930
United Kingdom of Great Britain and Northern Ireland,Alcohol use disorders,2018,0.0279571301
United Kingdom of Great Britain and Northern Ireland,Alcohol use disorders,2019,0.0267998424
United Kingdom of Great Britain and Northern Ireland,Alcohol use disorders,2019,0.0267998424
United Kingdom of Great Britain and Northern Ireland,Autism spectrum disorders,2015,136.7471488090
United Kingdom of Great Britain and Northern Ireland,Autism spectrum disorders,2016,136.8377193189
United Kingdom of Great Britain and Northern Ireland,Autism spectrum disorders,2017,136.9080830967
United Kingdom of Great Britain and Northern Ireland,Autism spectrum disorders,2018,136.9121722398
United Kingdom of Great Britain and Northern Ireland,Autism spectrum disorders,2019,136.8783603706
United Kingdom of Great Britain and Northern Ireland,Idiopathic developmental intellectual disability,2015,8.5772297567
United Kingdom of Great Britain and Northern Ireland,Idiopathic developmental intellectual disability,2016,8.4346891154
United Kingdom of Great Britain and Northern Ireland,Idiopathic developmental intellectual disability,2017,8.2972063963
United Kingdom of Great Britain and Northern Ireland,Idiopathic developmental intellectual disability,2018,8.2236558817
United Kingdom of Great Britain and Northern Ireland,Idiopathic developmental intellectual disability,2019,8.1722547271
United Kingdom of Great Britain and Northern Ireland,Mental disorders,2015,145.3243785657
United Kingdom of Great Britain and Northern Ireland,Mental disorders,2016,145.2724084343
United Kingdom of Great Britain and Northern Ireland,Mental disorders,2017,145.2052894929
United Kingdom of Great Britain and Northern Ireland,Mental disorders,2018,145.1358281215
United Kingdom of Great Britain and Northern Ireland,Mental disorders,2019,145.0506150976
United Kingdom of Great Britain and Northern Ireland,Mental disorders,2019,145.0506150976
United Kingdom of Great Britain and Northern Ireland,Substance use disorders,2015,0.0323482311
United Kingdom of Great Britain and Northern Ireland,Substance use disorders,2016,0.0308778838
United Kingdom of Great Britain and Northern Ireland,Substance use disorders,2017,0.0291345930
United Kingdom of Great Britain and Northern Ireland,Substance use disorders,2018,0.0279571301
United Kingdom of Great Britain and Northern Ireland,Substance use disorders,2019,0.0267998424
United Mexican States,Alcohol use disorders,2015,0.0536965638
United Mexican States,Alcohol use disorders,2016,0.0502435612
United Mexican States,Alcohol use disorders,2017,0.0469221752
United Mexican States,Alcohol use disorders,2018,0.0474891893
United Mexican States,Alcohol use disorders,2019,0.0500048265
United Mexican States,Alcohol use disorders,2019,0.0500048265
United Mexican States,Autism spectrum disorders,2015,73.1061960694
United Mexican States,Autism spectrum disorders,2016,73.0705719676
United Mexican States,Autism spectrum disorders,2017,73.0832282045
United Mexican States,Autism spectrum disorders,2018,73.0013433269
United Mexican States,Autism spectrum disorders,2019,73.0688630743
United Mexican States,Autism spectrum disorders,2019,73.0688630743
United Mexican States,Idiopathic developmental intellectual disability,2015,7.9003447463
United Mexican States,Idiopathic developmental intellectual disability,2016,7.7010560193
United Mexican States,Idiopathic developmental intellectual disability,2017,7.4922229580
United Mexican States,Idiopathic developmental intellectual disability,2018,7.3794167702
United Mexican States,Idiopathic developmental intellectual disability,2019,7.2727531945
United Mexican States,Idiopathic developmental intellectual disability,2019,7.2727531945
United Mexican States,Mental disorders,2015,81.0065408157
United Mexican States,Mental disorders,2016,80.7716279869
United Mexican States,Mental disorders,2017,80.5754511624
United Mexican States,Mental disorders,2018,80.3807600971
United Mexican States,Mental disorders,2019,80.3416162688
United Mexican States,Mental disorders,2019,80.3416162688
United Mexican States,Substance use disorders,2015,0.0536965638
United Mexican States,Substance use disorders,2016,0.0502435612
United Mexican States,Substance use disorders,2017,0.0469221752
United Mexican States,Substance use disorders,2018,0.0474891893
United Mexican States,Substance use disorders,2019,0.0500048265
United Mexican States,Substance use disorders,2019,0.0500048265
United States of America,Alcohol use disorders,2015,0.6492923783
United States of America,Alcohol use disorders,2016,0.6229189093
United States of America,Alcohol use disorders,2017,0.5839302760
United States of America,Alcohol use disorders,2018,0.5488356974
United States of America,Alcohol use disorders,2019,0.5089088719
United States of America,Alcohol use disorders,2019,0.5089088719
United States of America,Autism spectrum disorders,2015,121.6047938448
United States of America,Autism spectrum disorders,2016,122.1262901475
United States of America,Autism spectrum disorders,2017,122.9555961580
United States of America,Autism spectrum disorders,2018,123.8913735534
United States of America,Autism spectrum disorders,2019,125.3127506059
United States of America,Autism spectrum disorders,2019,125.3127506059
United States of America,Idiopathic developmental intellectual disability,2015,13.8857694226
United States of America,Idiopathic developmental intellectual disability,2016,13.6520397547
United States of America,Idiopathic developmental intellectual disability,2017,13.3627356022
United States of America,Idiopathic developmental intellectual disability,2018,12.9639821621
United States of America,Idiopathic developmental intellectual disability,2019,12.3750271703
United States of America,Mental disorders,2015,135.4905632674
United States of America,Mental disorders,2016,135.7783299022
United States of America,Mental disorders,2017,136.3183317602
United States of America,Mental disorders,2018,136.8553557154
United States of America,Mental disorders,2019,137.6877777762
United States of America,Substance use disorders,2015,0.6492923783
United States of America,Substance use disorders,2016,0.6229189093
United States of America,Substance use disorders,2017,0.5839302760
United States of America,Substance use disorders,2018,0.5488356974
United States of America,Substance use disorders,2019,0.5089088719
